/PAGES/BLOG/AI-Tools/index.{html} /PAGES/BLOG/AI-Tools/
/PAGES/BLOG/The-Less-You-Want-The-More-You-Have/index.{html} /PAGES/BLOG/The-Less-You-Want-The-More-You-Have/
/PAGES/SUBPAGES/ART/CityDAO-Merch/index.{html} /PAGES/SUBPAGES/ART/CityDAO-Merch/
/PAGES/SUBPAGES/Games/index.{html} /PAGES/SUBPAGES/Games/
/PAGES/SUBPAGES/ART/Psychedelitopia/index.{html} /PAGES/SUBPAGES/ART/Psychedelitopia/
/PAGES/SUBPAGES/GAMES/My-Singing-City/index.{html} /PAGES/SUBPAGES/GAMES/My-Singing-City/
/PAGES/SUBPAGES/GAMES/W3CR-Web3-Residency/index.{html} /PAGES/SUBPAGES/GAMES/W3CR-Web3-Residency/
/index.html /
/PAGES/BLOG/Weekly-Videos/Week4_Documentation/index.{html} /PAGES/BLOG/Weekly-Videos/Week4_Documentation/
/PAGES/BLOG/World-Building/index.{html} /PAGES/BLOG/World-Building/
/PAGES/SUBPAGES/GAMES/Little-Regen/index.{html} /PAGES/SUBPAGES/GAMES/Little-Regen/
/PAGES/BLOG/Repetition/index.{html} /PAGES/BLOG/Repetition/
/PAGES/SUBPAGES/BBHome/index.{html} /PAGES/SUBPAGES/BBHome/
/PAGES/SUBPAGES/ART/Animals-in-Parallel-Universe/index.{html} /PAGES/SUBPAGES/ART/Animals-in-Parallel-Universe/
/PAGES/SUBPAGES/ART/Touch-Designer-Visuals/index.{html} /PAGES/SUBPAGES/ART/Touch-Designer-Visuals/
/PAGES/SUBPAGES/Augmented-Reality/index.{html} /PAGES/SUBPAGES/Augmented-Reality/
/PAGES/SUBPAGES/GAMES/Chef-Umami/index.{html} /PAGES/SUBPAGES/GAMES/Chef-Umami/
/PAGES/BLOG/Weekly-Videos/Week3_Documentation/index.{html} /PAGES/BLOG/Weekly-Videos/Week3_Documentation/
/PAGES/SUBPAGES/ART/Imaginary-Cities/index.{html} /PAGES/SUBPAGES/ART/Imaginary-Cities/
/PAGES/BLOG/SD-Faces/index.{html} /PAGES/BLOG/SD-Faces/
/PAGES/SUBPAGES/GAMES/Pocket-Solar-Emulator/index.{html} /PAGES/SUBPAGES/GAMES/Pocket-Solar-Emulator/
/PAGES/SUBPAGES/Music/index.{html} /PAGES/SUBPAGES/Music/
/PAGES/SUBPAGES/ART/Pyramid-in-Japan/index.{html} /PAGES/SUBPAGES/ART/Pyramid-in-Japan/
/PAGES/SUBPAGES/ART/Quantum-Flower/index.{html} /PAGES/SUBPAGES/ART/Quantum-Flower/
/PAGES/SUBPAGES/GAMES/ThreeBody-Problems-Exhibit/index.{html} /PAGES/SUBPAGES/GAMES/ThreeBody-Problems-Exhibit/
/PAGES/SUBPAGES/Life-Blog/index.{html} /PAGES/SUBPAGES/Life-Blog/
/PAGES/SUBPAGES/Visual-Arts/index.{html} /PAGES/SUBPAGES/Visual-Arts/
/PAGES/SUBPAGES/Web/index.{html} /PAGES/SUBPAGES/Web/
/PAGES/Weekly-Vlogs/index.{html} /PAGES/Weekly-Vlogs/
